Aimee,C,Hoover,7341,Vel Avenue,Mobile,AL,35928
Jonas,U,Gilbert,8852,In St.,Saint Paul,MN,57321
Regan,M,Baxter,4851,Nec Av.,Gulfport,MS,33193
Octavius,T,Johnson,7418,Cum Road,Houston,TX,51507
Sydnee,N,Robinson,894,Ornare. Ave,Olathe,KS,25606
Stuart,K,Mckenzie,5529,Orci Av.,Nampa,ID,18562
Petra,Z,Lara,8401,Et St.,Georgia,GA,70323
Cherokee,T,Lara,8516,Mauris St.,Seattle,WA,28720
Athena,Y,Burt,4951,Mollis Rd.,Newark,DE,41034
Kaitlin,M,Macias,5715,Velit St.,Chandler,AZ,86176
Leroy,X,Cherry,7810,Vulputate St.,Seattle,WA,37703
Connor,W,Montoya,4122,Mauris Av.,College,AK,99743
Byron,X,Medina,7875,At Road,Rock Springs,WY,37733
Penelope,Y,Sandoval,2643,Fringilla Av.,College,AK,99557
Rashad,V,Ochoa,6587,Lacus Street,Flint,MI,96640
Jordan,U,Oneil,170,Mattis Ave,Bellevue,WA,44941
Caesar,O,Daugherty,7483,Libero Ave,Frankfort,KY,56493
Wynne,D,Roth,8086,Erat Street,Owensboro,KY,50476
Robin,I,Roberson,8014,Pellentesque Street,Casper,WY,84633
Adrienne,C,Carpenter,8141,Aliquam Avenue,Tucson,AZ,85057
Laura,A,Hammond,5329,Accumsan Rd.,Orlando,FL,54848
Lacey,U,Holman,2421,Metus. Rd.,Billings,MT,87006
Edward,I,Marquez,4069,Ornare Ave,Lansing,MI,66221
Veda,Z,Matthews,8509,Donec Av.,Evansville,IN,26057
Lesley,V,Rowe,1556,Justo. Av.,Columbus,OH,93891
Colt,S,Valenzuela,2643,Nam Street,Colorado Springs,CO,45726
Karly,J,Leach,8709,Class Rd.,Sacramento,CA,93805
Hayfa,L,Scott,5506,Urna Rd.,Tallahassee,FL,28711
Lunea,R,Noel,4097,Quisque Road,Hillsboro,OR,88688
Hayfa,F,Mullen,5711,Augue Ave,Newark,DE,79800
Judah,Y,Brennan,169,Interdum. Avenue,Waterbury,CT,66325
Gannon,Y,Watts,1893,Turpis Av.,Erie,PA,45238
Nayda,V,Sims,8249,Eu St.,Anchorage,AK,99567
Omar,K,Gallagher,6268,Ipsum. St.,Kansas City,KS,90801
Ramona,B,Church,7965,Fames Avenue,Idaho Falls,ID,69285
Randall,U,Pennington,8489,Placerat St.,Indianapolis,IN,22547
Tatyana,O,Rowe,5311,Dapibus Street,Kapolei,HI,97709
Jaden,I,Mcdaniel,3529,Ligula. Rd.,Columbus,OH,16960
Chloe,I,Nolan,5583,Pellentesque Av.,Seattle,WA,81660
Quamar,V,Shannon,6726,Orci Street,Lexington,KY,37444
Nell,V,Waters,7370,Ut Av.,Sandy,UT,94736
Adena,L,Pate,8372,Malesuada Street,Springfield,MO,94893
Joseph,D,Green,2884,Fusce Av.,Kenosha,WI,74371
Thane,A,Tyson,1028,In Road,Wyoming,WY,69976
Russell,X,Reid,5127,In St.,Saint Paul,MN,88938
Quon,M,Hogan,2114,Sit St.,Mesa,AZ,86457
Geraldine,F,Dyer,257,Senectus Rd.,Boston,MA,50402
Lillian,B,Greer,1620,Ac St.,Sandy,UT,39015
Quyn,B,Salinas,8607,Arcu Ave,Shreveport,LA,45418
Hyacinth,Q,Oneil,610,Vel St.,Norfolk,VA,25559